sep=,
"Entry_No","Date_UTC","Time_UTC","Port_Location_Coordinates","Vessel_Name","IMO_Number","Flag_State","Operation_Category","Specific_Areas_Evaluated_Treated","Biofouling_Rating_ISO20679","Hull_Coverage_Percent","Coating_Condition","Invasive_Species_Taxonomy_Observed","Cleaning_Treatment_Method_Executed","Effluent_Debris_Capture_System","Responsible_Officer_Inspector_Rank","Port_Authority_Permit_Ref","Remarks_FollowUp_Actions","Statutory_Framework"
"001","2026-07-25","10:00","Port of Santos (BR SSZ) / Lat -23.96, Long -46.30","[Insert Vessel Name]","[IMO Number]","[Flag]","Initial Inspection & Baseline Compliance Audit","Sea Chests; Bow Thruster; Flat Bottom; Rudder","Rating 0 (Surface Clean / Microscopic Film)","0%","Intact / Good Condition","None (No macro-organisms or invasive species)","Subsea ROV & Diver Visual Baseline Inspection","N/A (Visual Audit Only)","[Chief Officer / DPA Name]","BR-DPC-2026-001","Baseline BFMP & BFRB compliance dataset verified","IMO MEPC.378(80) / NORMAM-401 / ISO 20679 / AMPP 21517 / BEMA BRADD"
"002","YYYY-MM-DD","HH:MM","[Insert Port Name / Anchorage / Coordinates]","[Insert Vessel Name]","[IMO Number]","[Flag]","In-Water Subsea Hull & Niche Inspection","Sea Chest Gratings & Internal Pipework","Rating 1 (Microfouling - Slime Layer)","< 5%","Intact","Microfouling Diatom Slime Layer","In-Water Diver Visual & Photographic Survey","N/A (Inspection)","[Chief Mate / Certified Class Diver]","[Permit No. if in port]","Slime layer within allowable operational threshold","IMO MEPC.378(80) / PPR 13 / ISO 20679"
"003","YYYY-MM-DD","HH:MM","[Insert Port Name / Anchorage / Coordinates]","[Insert Vessel Name]","[IMO Number]","[Flag]","In-Water Cleaning (IWC) with Waste Capture","Flat Bottom & Vertical Sides","Rating 2 (Light Macrofouling 1-15%)","10%","Minor Wear / Fair","Balanus amphitrite (Barnacles) & Green Algae","Contactless Hydrodynamic Water Jet ROV Cleaning","Closed-Circuit 5-Micron Filtration & Biomass Reclamation Unit","[Officer Name / Approved IWC Contractor]","[Port Authority IWC Clearance Ref]","100% Macrofouling removed; Debris collected and disposed ashore","IMO MEPC.378(80) / NORMAM-401 / AMPP Guide 21517-2025"
"004","YYYY-MM-DD","HH:MM","[Insert Port Name / Shipyard]","[Insert Vessel Name]","[IMO Number]","[Flag]","Marine Growth Prevention System (MGPS) Maintenance","Sea Chest Sacrificial Anodes & Ultrasonic Transducers","Rating 0 (Surface Clean)","0%","Intact","None","Replaced Copper/Aluminum Anodes & Acoustic Calibration","N/A (Internal Hardware Maintenance)","[Chief Engineer / Technical Officer]","[Yard Maintenance Log Ref]","Current & voltage parameters logged; USAF frequency recalibrated","IMO MEPC.378(80) / PPR 13 Mandatory GBS"
"005","YYYY-MM-DD","HH:MM","[Insert Port Name / Shipyard]","[Insert Vessel Name]","[IMO Number]","[Flag]","Internal Seawater Cooling System Flush","Sea Inlet Pipes & Heat Exchangers","Rating 0 (Surface Clean)","0%","Intact","Microfouling / Organic Biofilm","Chemical / Thermal Shock Dosing & Backwashing","Effluent Neutralized prior to discharge per local rules","[Second Engineer / Duty Officer]","[Engine Room Log Ref]","Cooling water flow restored to 100% operational efficiency","IMO MEPC.378(80) / ISO 20679"
"006","YYYY-MM-DD","HH:MM","[Insert Port Name / Shipyard]","[Insert Vessel Name]","[IMO Number]","[Flag]","Dry-docking & Anti-fouling Coating Renewal","Entire Underwater Hull & Niche Areas","Rating 0 (Surface Clean)","0%","Renewed / 100% Intact","None","High-Pressure Hydroblasting & Full AFC System Application","Drydock Yard Closed Contaminated Debris Treatment Facility","[Technical Superintendent / Class Surveyor]","[Class Drydock Certificate Ref]","Complete hull coating system renewed for 60-month in-service lifespan","IMO MEPC.378(80) / AFS Convention / ISO 20679"
"007","YYYY-MM-DD","HH:MM","[Insert Port / Coordinates]","[Insert Vessel Name]","[IMO Number]","[Flag]","Proactive Microfouling Grooming Routine","Boot Top & Vertical Sides","Rating 1 (Microfouling)","< 5%","Intact","Micro-slime Film","Proactive Gentle Brush ROV Grooming Routine","In-situ Filtration Capture System","[Chief Officer / ROV Operator]","[Port Notification Ref]","Proactive grooming executed to prevent macrofouling settlement","IMO MEPC.378(80) / PPR 13 / BEMA BRADD"
"008","YYYY-MM-DD","HH:MM","[Insert Port / Biogeographic Boundary]","[Insert Vessel Name]","[IMO Number]","[Flag]","Emergency / High-Risk Biogeographic Boundary Audit","Sea Chests, Rudder Trunk & Propeller Niche","Rating 0 - 1","0%","Intact","Check for Non-Indigenous Invasive Species","Biosecurity Risk Assessment prior to Regional Boundary Transit","Closed-Circuit Capture Unit on Standby","[Biosecurity Inspector / Chief Mate]","[Port Authority Biosecurity Permit]","Vessel cleared for entry into distinct biogeographic zone (NORMAM-401)","IMO MEPC.378(80) / NORMAM-401 / ISO 20679"
